difficulty,word
easy,карандаш
easy,малина
easy,корова
easy,машина
easy,дорога
easy,ромашка
easy,помидор
easy,телефон
easy,молоко
easy,подарок
medium,библиотека
medium,самолёт
medium,путешествие
medium,зеркало
medium,календарь
medium,профессия
medium,природа
medium,воскресенье
medium,апельсин
medium,университет
hard,воображение
hard,последовательность
hard,взаимодействие
hard,достопримечательность
hard,целеустремлённость
hard,самосовершенствование
hard,неопределённость
hard,производительность
hard,мировоззрение
hard,интеллектуальность
