ru_simple,ru_complex,en_simple,en_complex
солнце,абстракция,sun,abstraction
ручка,алгоритм,pen,algorithm
река,архипелаг,river,archipelago
книга,великолепие,book,hypothesis
кофе,гипотеза,coffee,gravity
мост,гравитация,bridge,diagram
парус,диаграмма,apple,integration
яблоко,интеграция,fire,combinatorics
огонь,комбинаторика,door,concentration
дверь,концентрация,ocean,laboratory
зебра,лаборатория,memory,metaphor
океан,метафора,clock,observer
память,многоугольник,stone,continuity
часы,наблюдательность,bird,orientation
камень,непрерывность,city,perspective
птица,ориентация,spring,sequence
карандаш,параллелепипед,snow,assumption
город,перспектива,cup,contradiction
весна,последовательность,forest,equilibrium
снег,предположение,wave,reflection
груша,противоречие,map,synchronization
чашка,равновесие,leaf,strategy
лес,рефлексия,lamp,transformation
волна,самоорганизация,wind,triangle
театр,синхронизация,music,acceleration
карта,стратегия,flower,imagination
лист,трансформация,road,characteristic
лампа,треугольник,letter,consistency
ветер,уравновешенность,star,evolution
стакан,ускорение,shield,efficiency
музыка,фантазия,metro,experiment
площадь,характеристика,lake,symmetry
хлеб,целеустремленность,rainbow,composition
свеча,цикличность,sugar,logistics
цветок,эволюция,school,productivity
дорога,эффективность,bread,discipline
письмо,эксперимент,candle,motivation
звезда,взаимосвязь,planet,focus
щит,симметрия,window,configuration
метро,композиция,garden,crystallization
сыр,логистика,smile,classification
космос,продуктивность,voice,interpretation
клавиша,дисциплина,pencil,unification
фонарь,мотивация,table,adaptability
озеро,сосредоточенность,mountain,optimization
радуга,конфигурация,cloud,analysis
сахар,кристаллизация,beach,innovation
школа,классификация,island,resilience
,интерпретация,,
,унификация,,
